[{"id":524,"name":"Paris Saint-Germain","shortName":"PSG","crestUrl":"http://upload.wikimedia.org/wikipedia/de/1/1e/Paris_Saint-Germain_%28seit_2013%29.gif"},{"id":749,"name":"Malmö FF","shortName":"Malmö","crestUrl":"http://upload.wikimedia.org/wikipedia/de/1/17/Logo_Malm%C3%B6_FF.svg"},{"id":495,"name":"Benfica Lissabon","shortName":"Lissabon","crestUrl":"http://upload.wikimedia.org/wikipedia/de/8/89/Logo_Benfica_Lissabon.svg"},{"id":1056,"name":"FC Astana","shortName":"Astana","crestUrl":"https://upload.wikimedia.org/wikipedia/en/9/96/FC_Astana_Logo.svg"},{"id":559,"name":"Sevilla FC","shortName":"Sevilla","crestUrl":"http://upload.wikimedia.org/wikipedia/en/8/86/Sevilla_cf_200px.png"},{"id":18,"name":"Bor. Mönchengladbach","shortName":"M'gladbach","crestUrl":"https://upload.wikimedia.org/wikipedia/commons/8/81/Borussia_M%C3%B6nchengladbach_logo.svg"},{"id":65,"name":"Manchester City FC","shortName":"ManCity","crestUrl":"http://upload.wikimedia.org/wikipedia/de/f/fd/ManCity.svg"},{"id":109,"name":"Juventus Turin","shortName":"Juventus","crestUrl":"http://upload.wikimedia.org/wikipedia/de/d/d2/Juventus_Turin.svg"},{"id":610,"name":"Galatasaray SK","shortName":"Galatasaray","crestUrl":"https://upload.wikimedia.org/wikipedia/commons/f/f6/Galatasaray_Sports_Club_Logo.png"},{"id":78,"name":"Club Atlético de Madrid","shortName":"Atlético","crestUrl":"http://upload.wikimedia.org/wikipedia/de/c/c1/Atletico_Madrid_logo.svg"},{"id":11,"name":"VfL Wolfsburg","shortName":"Wolfsburg","crestUrl":"https://upload.wikimedia.org/wikipedia/commons/f/f3/Logo-VfL-Wolfsburg.svg"},{"id":751,"name":"CSKA Moscow","shortName":"CSKA","crestUrl":"https://upload.wikimedia.org/wikipedia/en/f/fa/CSKA_Moscow_logo.png"},{"id":674,"name":"PSV Eindhoven","shortName":"Eindhoven","crestUrl":"http://upload.wikimedia.org/wikipedia/de/0/05/PSV_Eindhoven.svg"},{"id":66,"name":"Manchester United FC","shortName":"ManU","crestUrl":"http://upload.wikimedia.org/wikipedia/de/d/da/Manchester_United_FC.svg"},{"id":86,"name":"Real Madrid CF","shortName":"Real Madrid","crestUrl":"http://upload.wikimedia.org/wikipedia/de/3/3f/Real_Madrid_Logo.svg"},{"id":724,"name":"Shakhtar Donetsk","shortName":"Shakhtar","crestUrl":"https://upload.wikimedia.org/wikipedia/en/2/20/FC_Shakhtar_Donetsk.png"},{"id":95,"name":"Valencia CF","shortName":"Valencia","crestUrl":"http://upload.wikimedia.org/wikipedia/de/7/75/FC_Valencia.svg"},{"id":731,"name":"FC Zenit St. Petersburg","shortName":"Zenit","crestUrl":"https://upload.wikimedia.org/wikipedia/commons/2/25/FC_Zenit_1_star_2015_logo.png"},{"id":842,"name":"Dynamo Kyiv","shortName":"Kyiv","crestUrl":"https://upload.wikimedia.org/wikipedia/commons/5/5b/FC_Dynamo_Kyiv_logo.png"},{"id":503,"name":"FC Porto","shortName":"Porto","crestUrl":"http://upload.wikimedia.org/wikipedia/de/e/ed/FC_Porto_1922-2005.svg"},{"id":61,"name":"Chelsea FC","shortName":"Chelsea","crestUrl":"http://upload.wikimedia.org/wikipedia/de/5/5c/Chelsea_crest.svg"},{"id":971,"name":"Maccabi Tel Aviv","shortName":null,"crestUrl":"https://upload.wikimedia.org/wikipedia/en/f/f8/MTAFC_logo.png"},{"id":654,"name":"Olympiacos F.C.","shortName":"Olympiacos","crestUrl":"http://upload.wikimedia.org/wikipedia/de/9/96/Logo_Olympiakos_Pir%C3%A4us.svg"},{"id":5,"name":"FC Bayern München","shortName":"Bayern","crestUrl":"http://upload.wikimedia.org/wikipedia/commons/c/c5/Logo_FC_Bayern_M%C3%BCnchen.svg"},{"id":755,"name":"GNK Dinamo Zagreb","shortName":"Zagreb","crestUrl":"https://upload.wikimedia.org/wikipedia/commons/8/8e/Dinamo-Zagreb.png"},{"id":57,"name":"Arsenal FC","shortName":"Arsenal","crestUrl":"http://upload.wikimedia.org/wikipedia/en/5/53/Arsenal_FC.svg"},{"id":100,"name":"AS Roma","shortName":"Rom","crestUrl":"http://upload.wikimedia.org/wikipedia/de/3/32/AS_Rom.svg"},{"id":81,"name":"FC Barcelona","shortName":"Barcelona","crestUrl":"http://upload.wikimedia.org/wikipedia/de/a/aa/Fc_barcelona.svg"},{"id":3,"name":"Bayer Leverkusen","shortName":"Leverkusen","crestUrl":"http://upload.wikimedia.org/wikipedia/de/9/95/Bayer_04_Leverkusen_Logo.svg"},{"id":748,"name":"FK BATE Baryssau","shortName":"BATE","crestUrl":"http://upload.wikimedia.org/wikipedia/de/thumb/0/0a/Logo_BATE_Baryssau.svg/150px-Logo_BATE_Baryssau.svg.png"},{"id":1057,"name":"KAA Gent","shortName":"Gent","crestUrl":"https://upload.wikimedia.org/wikipedia/en/f/f4/KAA_Gent_logo.svg"},{"id":523,"name":"Olympique Lyonnais","shortName":"Lyon","crestUrl":"http://upload.wikimedia.org/wikipedia/de/f/f1/Olympique_Lyon.svg"}]